LAST NAME	FIRST NAME	EMAIL	ZIPCODE	CITY	STATE	ADDRESS	PHONE
Abraham	Alyssa	durnetta@jumpstartlab.com	20008	Washington	DC	3000 Cathedral Ave, NW	240 645 5000
Albeck	Ivey	bxll13@jumpstartlab.com	20008	Washington	DC	4425 Reno Road, NW	6035627000
Alvarez	Juliette	luroberts05@jumpstartlab.com	20008	Washington	DC	2727 29th Street NW, Apt. 323	973-332-3000
Amster	Maria	ckongwer@jumpstartlab.com	66046	Lawrence	DC	155 Indian Avenue	xxxx000
Anderson	Alejandro	sydy0314@jumpstartlab.com	20016	Washington	DC	4400 Massachusetts Ave NW	914-441-7000
Arene-Morley	Megan	fhanchan@jumpstartlab.com	20057	Washington	DC	37th and O Streets NW	2022977000
Aroneanu	Wesley	efraguza@jumpstartlab.com	20052	Washington	DC	2021 F St NW, Potomac #1006	908-672-3000
Aronoff	Lindsay	aslissanypirg@jumpstartlab.com	20008	Washington	DC	3000 Cathedral Ave, NW	240 645 5000
Astrove	Zack	fkolfgan@jumpstartlab.com	20008	Washington	DC	3000 Cathedral Ave, NW	240 645 5000
Avalos	Jennifer	deiaz@jumpstartlab.com	20010	Washington	DC	3168 17th St NW	443-504-4000
Ayers	Leah	vjstevens_2010@jumpstartlab.com	20016	Washington	DC	3825 Wisconsin Avenue, NW	301 6545000
B	Jenna	wdack.satin.feathers@jumpstartlab.com	20008	Washington	DC	2727 29th Street NW, Apt. 305	973-902-1000
Baimas-George	Katie	svsullivan88@jumpstartlab.com	20009	Washington	DC	1123 Harvard St. unit R	608-516-9000
Baird	Stephanie	omani.sheva@jumpstartlab.com	20008	Washington	DC	3000 Cathedral Ave, NW	240 645 5000
Barrett	Jenny	ym1106a@jumpstartlab.com	20016	Washington	DC	4201 Massachusetts Ave NW	515-231-4000
Beardsley	Erik	ngangrpl@jumpstartlab.com	20008	Washington	DC	2727 29th Street NW, Apt. 232	201-786-3000
Beckman	Vanessa	leerry.finkel@jumpstartlab.com	66209	Washington	DC	620 21st Street, NW, #201	913.406.3000
Benders	Katey	jdf28@jumpstartlab.com	20008	Washington	DC	3000 Cathedral Ave, NW	240 645 5000
Bennett	Laura	sqerson1@jumpstartlab.com	20036	washington	DC	1616 P Street NW Suite 340	5408883000
Berlin	Lauren	kff_wehrenjk@jumpstartlab.com	20008	Washington	DC	3000 Cathedral Ave, NW	240 645 5000
Betancourt	Lindsay	fkll11@jumpstartlab.com	20011	Washington, DC	DC	1507 Gallatin Street NW	202-882-3000
Bhalsod	Cameron	eoawrence2@jumpstartlab.com	20016	Washington	DC	4400 Massachusetts Avenue	717-339-7000
Billman	Mrinalini	ihnwaax07@jumpstartlab.com	20036	Washington	DC	1616 P Street NW Suite 340	5408883000
Bischoff	Leila	mkoodman@jumpstartlab.com	20016	Washington	DC	4400 Massachusetts Avenue	781-424-0000
Bowling	Melissa	yim138@jumpstartlab.com	20052	Washington DC	DC	736 22nd Street rm 205	631-223-6000
Boyyyyy	Kelley	qswolf@jumpstartlab.com	20016	Washington	DC	4400 Massachusetts Avenue	202-885-1000
Bryant	Dan	eyrzipan@jumpstartlab.com	20036	Washington	DC	1608 Rhode Island Ave, NW	510-452-7000
Bryant	Jeannie	kkserpe08@jumpstartlab.com	20008	Washington	DC	2727 29th Street NW, Apt 305	845-797-3000
Bulis	Skye	hecameri@jumpstartlab.com	20005	Washington	DC	1500 Massachusetts Ave, #546	202-213-8000
Cao	Medina	dkulger@jumpstartlab.com	20008	Washington	DC	3000 Cathedral Ave, NW	240 645 5000
Cappelli	Aaron	mwgan.foster@jumpstartlab.com	20016	Washington	DC	4400 Massachusetts Avenue	610-324-8000
Carbajo	Roxanne	bxlegra.fonda-bonardi@jumpstartlab.com	20008	Washington	DC	3000 Cathedral Ave, NW	240 645 5000
Cardinal	David	ptodallm@jumpstartlab.com	20016	washington	DC	4400 Massachusetts Avenue	412-613-7000
Carey	Sally	apu.brazell@jumpstartlab.com	20001	Washington	DC	702 H St NW, Ste 300	(202) 319-2000
Carpenter	Samuel	wsmanley@jumpstartlab.com	20016	Washington	DC	3825 Wisconsin Avenue, NW	301 6545000
Chang	Ethan	hhhn.walker@jumpstartlab.com	20036	Washington	DC	1608 Rhode Island Ave, NW	510-610-1000
Chinana	Justin	ipesha226@jumpstartlab.com	20010	Washington	DC	3321 16th St NW	(434) 989 1000
Cormia	Monica	ksf_hellerla@jumpstartlab.com	20057	Washington	DC	Georgetown University, Village A F206	5163840000
Coronado	Allison	beblaaron01@jumpstartlab.com	20052	Washington	DC	2100 I Street, NW, GW University â€“ Lafayette Hall #403	805-448-1000
Costa	Olivia	blsmith@jumpstartlab.com	20016	Washington	DC	3825 Wisconsin Avenue, NW	301 6545000
Costantino	Jason	efochner@jumpstartlab.com	20036	Washington	DC	1608 Rhode Island Ave, NW	626-840-6000
Cotton	Jafar	hroon-van-diest.4@jumpstartlab.com	20036	Washington	DC	1616 P. Street NW Suite 340	5408883000
Craig	Megan	nslopuppet_o_o@jumpstartlab.com	20007	Washington	DC	1409 37th St.	917-280-6000
Crutcher	Jamie3	ssckereg@jumpstartlab.com	20016	Washington	DC	3825 Wisconsin Avenue, NW	301 6545000
Cunningham	Meaghan	njompsonswartz@jumpstartlab.com	20016	Washington	DC	3825 Wisconsin Avenue, NW	301 6545000
Davila	Mackenzie	nmkokal@jumpstartlab.com	00000	Washington	DC	4400 Massachusetts Avenue	541-760-8000
Davis	Lisa	hg@jumpstartlab.com	20016	Washington	DC	4461 Westover Place	301-675-4000
Davis	Nancy	weey.wohlfeld@jumpstartlab.com	04262	Washington	DC	Box 574262 Georgetown University	8452249000
Davison	Paul	wcll16@jumpstartlab.com	20016	Washington	DC	4400 Massachusetts Avenue	305-283-5000
Dawson	Vanessa	casusanrubin@jumpstartlab.com	20052	Washington	DC	950 24th St, NW, #816	802.598.2000
De Soto	Jeanna	kce.chadcarson+4@jumpstartlab.com	20016	Washington	DC	4400 Massachusetts Avenue	206-261-8000
DeBuck	Ryan	ghyce_m@jumpstartlab.com	20008	Washington	DC	3000 Cathedral Ave NW	240 645 5000
Deveau	Tamer	wgurns4@jumpstartlab.com	20009	Washington	DC	1718 21st Street NW	2029975000
Doane	Chris	kpilch1@jumpstartlab.com	20057	Washington	DC	Copley G17 Box 573539 Georgetown University	9187069000
Doe	Rei	fuusso@jumpstartlab.com	20057	Washington	DC	Box 573757	8452249000
Doe	Cody	tkstressneko.lily@jumpstartlab.com	20016	Washington	DC	4400 Massachusetts Avenue	704-737-8000
Doe	James	nlhneenampudiyay@jumpstartlab.com	20016	Washington	DC	4400 Massachusetts Ave NW	267-467-4000
Doe	Vax	nyesoto@jumpstartlab.com	20008	Washington	DC	2727 29th Street NW	315-391-7000
Doe	Julie	hcilson@jumpstartlab.com	20009	Washington	DC	1620 Argonne Place N.W.	240-393-7000
Dolkart	Allison	ieim19@jumpstartlab.com	20052	Washington	DC	2021 F Street NW	607-346-6000
Dowd	Karson	klotazewell@jumpstartlab.com	20052	Washington	DC	2222 Eye Street, NW, #303	347-207-2000
Dube	Vanessa	kmbrink08@jumpstartlab.com	20016	Washington	DC	4400 Massachusetts Avenue	404-488-6000
Duval	Erica	uasample@jumpstartlab.com	20016	Washington	DC	4400 Massachusetts Avenue	636-489-9000
Easter	Caitlin	ghel@jumpstartlab.com	20003	Washington	DC	321 South Carolina Ave SE	310-569-8000
Edge	Chris	pcickers@jumpstartlab.com	20016	washington	DC	4400 Massachusetts Avenue	503-998-8000
Elion	Lauren	phya_godwin@jumpstartlab.com	20024	Washington	DC	901 6th St. SW, Apt 414A	626-598-5000
Endres	Nate	rmaiorana@jumpstartlab.com	20015	NW	DC	3332 Quesada St.	3109024000
England	Alison	wlutko@jumpstartlab.com	20009	Washington	DC	1673 Columbia Rd. NW Apt. 400	508 404 6000
Evarts	Josh	bnaci@jumpstartlab.com	20016	Washington	DC	3825 Wisconsin Avenue, NW	301 6545000
Farrell	Jesse	iwee@jumpstartlab.com	20016	Washington	DC	3825 Wisconsin Avenue, NW	301 6545000
Fitzgerald	One	nplds@jumpstartlab.com	20008	Washington	DC	3000 Cathedral Ave, NW	240 645 5000
Flanagan	Amanda	rrnka@jumpstartlab.com	20016	Washington	DC	3825 Wisconsin Avenue, NW	301-312-7000
Fong	Leslye	xksonVates@jumpstartlab.com	20052	Washington	DC	2119 H St NW, Crawford #210	718.308.8000
Fraissinet	Dan	kggoyer@jumpstartlab.com	20057	Washington	DC	Box #577150, Georgetown Univ.	8504455000
Francom Redstone	David	el69703@jumpstartlab.com	20052	Washington	DC	2223 H St NW	(360) 790-3000
Frick	Lucy	xcott33@jumpstartlab.com	20008	Washington	DC	2727 29th Street NW, Apt. 211	201-913-4000
Frys	Melissa	ab136507@jumpstartlab.com	20007	Washington	DC	1302 36th St NW	5418684000
Furey	Kimberly	jqayes25@jumpstartlab.com	20052	Washington	DC	950 24th St, NW, #816	602.291.3000
Futterman	Jill	dprent08@jumpstartlab.com	20016	Washington	DC	4400 Massachusetts Avenue	503-380-2000
Gallenstein	Lisa	qas6240@jumpstartlab.com	20016	Washington	DC	4400 Massachusetts Avenue	615-512-7000
Gandi	Blaine	ptbatebob@jumpstartlab.com	20016	Washington	DC	4400 Massachusetts Avenue	609-713-0000
Garlick	Elizabeth	vnisha_pavao@jumpstartlab.com	20001	Washington	DC	702 H St NW, Ste 300	(202) 319-2000
Gasparek	X	qr8602a@jumpstartlab.com	20016	Washington	DC	4400 Massachusetts Avenue	610-295-4000
Gaudin	Chelsea	maitenz@jumpstartlab.com	20016	Washington	DC	3825 Wisconsin Avenue, NW	301 6545000
Geisinger	Lubaba	pqchellefwebb@jumpstartlab.com	20016	Washington	DC	4400 Massachusetts Avenue	508-254-4000
Ghaelian	Breena	ugyer20n@jumpstartlab.com	20016	Washington	DC	4400 Massachusetts Avenue	650-303-6000
Gibbs	Matthew	gxskag08@jumpstartlab.com	20052	Washington	DC	2222 Eye Street	202.386.0000
Gloster	Finn	end211@jumpstartlab.com	20016	Washington	DC	4400 Massachusetts Avenue	484-653-7000
Gracey	Allison	fhrlemail1@jumpstartlab.com	20008	Washington	DC	3000 Cathedral Ave, NW	240 645 5000
Graham	Ellen	bkorris@jumpstartlab.com	20001	Washington	DC	58 Bryant Street NW	202-657-9000
Gray	Charles	qdrikyassien@jumpstartlab.com	20016	Washington	DC	4400 Massachusetts Avenue	503-380-2000
Green	Praween	yswwwwwwwwww@jumpstartlab.com	20016	Washington	DC	4400 Massachusetts Avenue	443-789-4000
Green	Jane	cmohan3@jumpstartlab.com	20016	Washington	DC	3825 Wisconsin Avenue, NW	301 6545000
Guilbeault	Erika	qt336707@jumpstartlab.com	20016	Washington	DC	4400 Massachusetts Ave NW	856-309-1000
Gutbrod	Daryl	tknt.jamie@jumpstartlab.com	20008	Washington	DC	2941 Chesapeake St NW	2022562000
Halter	Guy	rdett.buikema@jumpstartlab.com	20008	Washington	DC	2727 29th Street NW, Apt. 529	707-337-3000
Hankins	SArah	pinalevitsky@jumpstartlab.com	20009	Washington	DC	2022 15th Street NW	414-520-5000
Hanson	Winslow	cvtrohmayer@jumpstartlab.com	20016	Washington	DC	3825 Wisconsin Avenue, NW	301 6545000
Hatcher	Julia	uyliott@jumpstartlab.com	20010	Washington	DC	1804 Kilbourne Pl NW,	551 486 5000
Haut	Rachel	jqisten.greenwald@jumpstartlab.com	20008	Washington	DC	2727 29th Street NW, Apt. 232	845-797-3000
Hecht	Mayrah	htcmseac@jumpstartlab.com	20016	Washington	DC	3825 Wisconsin Avenue, NW	301 6545000
Hileman	Rosemary	rapsherryx3@jumpstartlab.com	20011	Washington	DC	4110 14th St. NW	703-389-0000
Hoepfinger	Emily	buifkin@jumpstartlab.com	20036	washington	DC	1616 P. street NW suite 340	5408883000
Hoyles	Kyle	kehndoe12@jumpstartlab.com	20036	washington	DC	1616 P. street NW suite 340	5408883000
Hutton	Matthew	ydwittig@jumpstartlab.com	20057	Washington	DC	512 McCarthy Hall, Georgetown University	8452249000
Indvik	Jordan	mbraele@jumpstartlab.com	20016	Washington	DC	3825 Wisconsin Avenue, NW	301 6545000
J	Megan	gwlter@jumpstartlab.com	20008	Washington	DC	3000 Cathedral Ave, NW	240 645 5000
Jackson	Molly	ofdaroman@jumpstartlab.com	20052	Washington	DC	950 24th St, NW, #1108	504-994-7000
Jenkins	Alexandra	kxnlop316@jumpstartlab.com	20016	Washington	DC	3825 Wisconsin Avenue, NW	301 6545000
Johnson	Amanda	vqhndoe@jumpstartlab.com	20036	washington	DC	1616 P. street NW suite 340	5408883000
Kagan	Jorge	utrtjp@jumpstartlab.com	20016	Washington	DC	4400 Massachusetts Avenue	410-652-0000
Karoluk	Lucia	wonisegarcia666@jumpstartlab.com	20008	Washington	DC	2727 29th Street NW, Apt. 305	315-750-0000
Kazyak	Rachel	lpmberly.upstill07@jumpstartlab.com	20016	Washington	DC	4400 Massachusetts Ave NW	717-405-9000
Keith	Abigail	qinder.buitelaar@jumpstartlab.com	20016	Washington	DC	3825 Wisconsin Avenue, NW	301 6545000
Kent	Lauren	epygrl7@jumpstartlab.com	20016	Washington	DC	3825 Wisconsin Avenue, NW	301-312-7000
Kneidinger	Sam	pskiha@jumpstartlab.com	20016	Washington	DC	4400 Massachusetts Avenue	505-563-0000
Kraft	Molly	qncarter@jumpstartlab.com	20036	Washington	DC	2000 N Street, NW	6174808000
Krautheim	Alicia	vnrossm2@jumpstartlab.com	20016	Washington	DC	4400 Massachusetts Avenue	270-282-1000
Kristian	William	xokelly@jumpstartlab.com	20011	Washington	DC	812 Randolph St. NW	603-661-5000
Kubica	Ashley	pldrew.mariotti@jumpstartlab.com	20016	Washington	DC	4400 Massachusetts Avenue	781-479-6000
Kurdyla	Jessie	etcooke11@jumpstartlab.com	20008	Washington	DC	2915 Connecticut Avenue, NW Apt. 207	805-907-5000
Lade	Sophie	cpagenkn@jumpstartlab.com	20009	Washington	DC	2505 13th St. NW	3214804000
Lambert-Williams	Samuel	emapman.elisabeth@jumpstartlab.com	20036	washington	DC	1616 P. street NW suite 340	5408883000
Lancaster	Kristen	xuller@jumpstartlab.com	20036	Washington	DC	1255 New Hampshire Ave NW, Apt 108	260-460-0000
Langone	Sierra	jbmcwilliams@jumpstartlab.com	20008	Washington	DC	3000 Cathedral Ave, NW	240 645 5000
Larsson	David	cwtchell67@jumpstartlab.com	00000	Washington	DC	1608 Rhode Island Ave NW	5176554000
Le	Grant	xlielke@jumpstartlab.com	20016	Washington	DC	3825 Wisconsin Avenue, NW	301 6545000
Lee Tan	Miranda	bbeyward09@jumpstartlab.com	20007	Washington	DC	2531 Q St. NW Apt. 205	202-546-7000
Lenhart	Elizabeth	xwmmerlek@jumpstartlab.com	20016	Washington	DC	3825 Wisconsin Avenue, NW	301-312-7000
Leung	Lala	vsmcneal@jumpstartlab.com	20009	Washington	DC	2505 13th St. NW	5613391000
Liakos	B	urviroaction@jumpstartlab.com	20036	washington	DC	1616 P. street NW suite 340	5408883000
Light	Rufio	itristinalouisebell@jumpstartlab.com	20036	Washington DC	DC	1608 Rhode Island Ave	4156997000
Lobue	Kim	tclpert@jumpstartlab.com	20016	Washington	DC	3825 Wisconsin Avenue, NW	301-312-7000
Locascio	Ralph	eey.mehulebrun@jumpstartlab.com	20036	washington	DC	1616 P. street NW suite 340	5408883000
Lochner	Meredith	mosheridan@jumpstartlab.com	20016	Washington	DC	4400 Massachusetts Ave NW	610-334-0000
Lupolt	Bryce	qclese_11@jumpstartlab.com	20036	Washington	DC	1608 Rhode Island Ave, NW Apt 908	831-419-7000
Lutch	Adrienne	bmalprin@jumpstartlab.com	20016	Washington	DC	4400 Massachusetts Avenue	610-858-5000
Mack	Rachel	kjaru@jumpstartlab.com	20016	Washington	DC	3825 Wisconsin Avenue, NW	301-312-7000
McCole	Allyson	ixlmeida@jumpstartlab.com	20016	Washington	DC	3825 Wisconsin Avenue, NW	301-312-7000
McLaughlin	Callie	gdacyjamesrossi2@jumpstartlab.com	20017	Washington	DC	391 Michigan Ave., NE	202-552-3000
McLoughlin	Holly	if338@jumpstartlab.com	20016	Washington	DC	4400 Massachusetts Avenue	541-760-8000
Mclaren	Fiona	wyohr@jumpstartlab.com	20008	Washington	DC	2727 29th Street NW, Apt. 232	315-825-5000
Melas	Kyle	mbduan08@jumpstartlab.com	20007	Washington	DC	1409 37th St. NW	3107798000
Mellace	Roxanna	lvarnswo@jumpstartlab.com	00000	Washington	DC	1723 Webster St, NW	773 330 2000
Mellen	Jessica	egm118@jumpstartlab.com	20016	Washington	DC	3825 Wisconsin Avenue, NW	301 6545000
Meyer	Ileana	slnny.woldorf@jumpstartlab.com	20016	Washington	DC	4400 Massachusetts Avenue	570-982-92000
Mike-Bidtah	Sandy	sytrm6@jumpstartlab.com	20016	Washington	DC	4400 Massachusetts Ave NW	203-687-6000
Milem	Rachel	vvurphy3@jumpstartlab.com	20052	Washington	DC	2021 F Street, NW, #921	330-388-9000
Miller	Stephanie	put.springer@jumpstartlab.com	20007	Washington	DC	3636 T St. NW	202-468-5000
Modawal	Sean	ufmPalley@jumpstartlab.com	20009	Washington	DC	1718 Connecticut Ave. NW Suite 300	202 232 7000
Mohammed	Katelyn	vxpl3@jumpstartlab.com	20036	washington	DC	1616 P. street NW suite 340	5408883000
Mostow	Boris	rcrdos12@jumpstartlab.com	20016	washington	DC	4400 Massachusetts Avenue	631-241-5000
Murillo	Sofia	lpohen@jumpstartlab.com	20001	Washington	DC	702 H St, suite 300	202 319 2000
Murphy	Michael	bxthewsm@jumpstartlab.com	20009	Washington	DC	1718 Connecticut Ave. NW Suite 300	202 232 7000
Nelson	Christian	vkchel.neuschatz@jumpstartlab.com	20052	Washington	DC	2031 F Street, NW	201-919-1000
Nguyen	Allison	arannon@jumpstartlab.com	20010	Washington	DC	3155 19th St NW	6154385000
O'Neill	Aidan	uhham.christie@jumpstartlab.com	20036	washington	DC	1616 P. street NW suite 340	5408883000
Oblisk	Nathalie	ryaole@jumpstartlab.com	20052	Washington	DC	2350 H St NW, New Hall 707	443.386.6000
Oh	Laura	ball0166@jumpstartlab.com	20008	Washington	DC	3000 Cathedral Ave, NW	240 645 5000
Oheim	Stephen	kuack@jumpstartlab.com	20052	Washington	DC	1900 F St NW, Thurston #418	410.302.0000
Oldershaw	Kelly	rlandros@jumpstartlab.com	20057	Washington	DC	Harbin 726, Georgetown University	5177127000
Ortega	Aurora	yfr42@jumpstartlab.com	20024	Washington	DC	520 N St SW	202 554 3000
Otukoya	Natalie	kq454969@jumpstartlab.com	20016	Washington	DC	3825 Wisconsin Avenue, NW	301 6545000
Parvaz	Winter	knllyhorak@jumpstartlab.com	20016	Washington	DC	4400 Massachusetts Avenue	817-874-7000
Peavler	Jen	wyate2@jumpstartlab.com	20008	Washington	DC	3000 Cathedral Avenue, NW	240 645 5000
Peffier	Astrid	alcoolfool@jumpstartlab.com	20016	Washington	DC	4400 Massachusetts Avenue	401-578-8000
Peterson	Abby	jweise@jumpstartlab.com	20036	Washington	DC	1608 Rhode Island Ave, NW	323-687-0000
Pfeiffer	Ansally	pltanich@jumpstartlab.com	20052	Washington	DC	2124 Eye St NW, West End #506	908.307.4000
Phillips	Laura	xgarotzky@jumpstartlab.com	20017	Washington	DC	1217 Franklin St NE	603-562-8000
Pomeroy	Tom	gkackwella2@jumpstartlab.com	20036	Washington	DC	1616 P Street NW Suite 340	5408883000
Porter	Nicole	iqryars11@jumpstartlab.com	20036	Washington	DC	1608 Rhode Island Ave. NW #708	510-508-0000
Powers	Teen	ren@jumpstartlab.com	20016	Washington	DC	4400 Massachusetts Avenue	570-982-92000
Rasmussen	Dominique	gaffey@jumpstartlab.com	20016	Washington	DC	4400 Massachusetts Avenue	859-948-5000
Reilly	Sasha	faomas.Berlangera@jumpstartlab.com	20007	Washington	DC	1928 38th ST NW	706-832-2000
Rempel	K	ry5309a@jumpstartlab.com	20036	washington	DC	1616 P. street NW suite 340	5408883000
Roe	Cara	ijurf@jumpstartlab.com	20052	Washington	DC	736 22nd St NW, Room 706	6175296000
Rojas	Lucia	hlujaeagles@jumpstartlab.com	20016	Washington	DC	3825 Wisconsin Avenue, NW	301-312-7000
Rotman	Eva	cgngo8456@jumpstartlab.com	20017	Washington	DC	PO Box 29132	202-756-4000
Roux	Anika	clanessaj@jumpstartlab.com	20003	Washington	DC	215 Pennsylvania Ave. SE 3rd FL	773-569-2000
Rowe	Paula	ggbin.averbeck@jumpstartlab.com	20016	Washington	DC	3825 Wisconsin Avenue, NW	301-312-7000
Rudderman	Michelle	fwchtywr@jumpstartlab.com	20057	Washington	DC	Georgetown University Kennedy K-227	8473478000
SAUNDERS	Greg	jyukhov@jumpstartlab.com	20008	Washington	DC	3000 Cathedral Ave, NW	240 645 5000
Sachs	Lee	bwd6273@jumpstartlab.com	20017	Washington	DC	1225 Otis St NE	202-635-2000
Saretzky	Molly	vcsh7444@jumpstartlab.com	20009	Washington	DC	2022 15th Street, NW	202-386-2000
Schafer	Cress	sodolgin@jumpstartlab.com	20052	Washington	DC	620 21st Street, NW	#######000
Scholnick	Kate	xrvanals@jumpstartlab.com	20036	Washington	DC	1608 Rhode Island Ave, NW	323-687-0000
Schreck	Jamie	jdeley11@jumpstartlab.com	20001	Washington	DC	1515 3rd St. NW	3303042000
Schwaller	Dan	tfpomeroy@jumpstartlab.com	20016	Washington	DC	4400 Massachusetts Avenue	415-847-0000
Seithers	Troy	vtottc@jumpstartlab.com	20016	Washington	DC	4400 Massachusetts Avenue	717-669-3000
Shamel	Madeline	wq1luv@jumpstartlab.com	20016	Washington	DC	3825 Wisconsin Avenue, NW	301 6545000
Shearer	Ryan	hollins.756@jumpstartlab.com	20024	Washington	DC	901 6th St. SW Apt 414A	626.290.6000
Shillingford	Perry	sryers@jumpstartlab.com	20016	Washington	DC	4400 Massachusetts Avenue	978-855-8000
Siegel	Meagan	ifhirih.alia@jumpstartlab.com	20016	Washington	DC	3825 Wisconsin Avenue, NW	301 6545000
Sikes	Kimberly	er00168456@jumpstartlab.com	20007	Washington	DC	3626 T St	202-256-1000
Silva	Jennifer	qpfox@jumpstartlab.com	20016	Washington	DC	4400 Massachusetts Ave NW	202-457-7000
Singh	Anita	xjlomo68@jumpstartlab.com	20052	Washington	DC	1900 F St NW, Thurston #221	440-725-9000
Six	Nicole	un404607@jumpstartlab.com	20036	washington	DC	1616 P. street NW suite 340	5408883000
Smith	Kasey	yochellejcoker@jumpstartlab.com	20036	Washington	DC	1727 Massachusetts Ave NW	(202) 588-0000
Sorenson	Einer	sxafcook@jumpstartlab.com	20016	Washington	DC	3825 Wisconsin Avenue, NW	301-312-7000
Sosin	Simone	kferriam@jumpstartlab.com	20005	Washington	DC	1333 H St. NW 1st Floor	202 481 8000
Starodaj	Adam	fkorterfield@jumpstartlab.com	20008	Washington	DC	3000 Cathedral Ave, NW	240 645 5000
Stevens	Kayla	vda2@jumpstartlab.com	20016	Washington	DC	3825 Wisconsin Avenue, NW	301 6545000
Stevenson	Melanie	jebergma@jumpstartlab.com	20010	Washington	DC	3646 Warder St. NW	202-270-3000
Stoneking	Alan	euizabethlev@jumpstartlab.com	20008	Washington	DC	2727 29th Street NW, Apt. 529	646-258-2000
Swartwood	Connie	btndguage@jumpstartlab.com	20016	Washington	DC	4400 Massachusetts Avenue	516-996-7000
Taylor	Donna	hmisJohnsonPS@jumpstartlab.com	20007	Washington	DC	1409 37th St NW	215-715-0000
Ther	Mary	hobdul27@jumpstartlab.com	20009	Washington	DC	1858 California St. NW #41	202-494-2000
Tourneville	Ashley	wcbutler@jumpstartlab.com	20016	Washington	DC	3825 Wisconsin Avenue, NW	301 6545000
Tran	Lacey	whsouza@jumpstartlab.com	20016	Washington	DC	3825 Wisconsin Avenue, NW	301-312-7000
Trowbridge	Kristina	oumandrell@jumpstartlab.com	20002	Washington	DC	110 Maryland Ave., NE, Suite 108	202-481-6000
Tsuji	Annelise	hrchaelaraman@jumpstartlab.com	20002	Washington	DC	235 2nd St NE	xxxx000
Two	Jacob	cyvid@jumpstartlab.com	20016	Washington	DC	4400 Massachusetts Ave NW	215-527-5000
Two	Christi	xdolec1@jumpstartlab.com	20008	Washington	DC	3003 Van Ness St. NW #S606	202-302-7000
Vandeputte	Ashley	owzapf@jumpstartlab.com	20016	Washington	DC	3825 Wisconsin Avenue, NW	301 6545000
Vanegas	Meghan	bu@jumpstartlab.com	20008	Washington	DC	3000 Cathedral Ave, NW	240 645 5000
Varlese	Catherine	gusonsm@jumpstartlab.com	20002	washington	DC	800 florida ave ne #1224	510 657 7000
Vernon	Joe	xkmes.p.gilchrist@jumpstartlab.com	20007	Washington	DC	3636 T St. NW	720-934-8000
Veysey	Alicia	cyaen1.arnold@jumpstartlab.com	20016	Washington	DC	3825 Wisconsin Avenue, NW	301 6545000
Vig	Annelies	orrek.j.roy@jumpstartlab.com	20016	Washington	DC	http://410woman.googlepages.com	301-312-7000
Viglietta	Maura	updkinss@jumpstartlab.com	20011	Washington	DC	4110 14th St. NW	917-407-4000
Vyas	Raymond	gwdela10@jumpstartlab.com	20052	Washington	DC	2222 Eye Street, NW, #302	860-478-4000
Wadsworth	Kelsey	cmartzel@jumpstartlab.com	20024	Washington	DC	901 6th St. SW Apt 414A	949-547-8000
Walters	Kelsey	hctthew.kramer@jumpstartlab.com	20016	Washington	DC	3825 Wisconsin Avenue, NW	301-312-7000
Weber-Shirk	Torsten	ggd2543@jumpstartlab.com	20036	Washington	DC	1616 P Street NW Suite 340	5408883000
Weisberg	Alicia	nuagnoni@jumpstartlab.com	20016	Washington	DC	3825 Wisconsin Avenue, NW	301 6545000
Weitner	Kelsy	bxBurdiss@jumpstartlab.com	20016	Washington	DC	3825 Wisconsin Avenue, NW	301 6545000
Wichman	Jennifer	vehns1jm@jumpstartlab.com	20016	Washington	DC	4400 Massachusetts Avenue	503-258-7000
Wilson	Monica	rblary@jumpstartlab.com	20016	Washington	DC	4400 Massachusetts Ave NW	201-208-5000
Wojtalewicz	Kate	pfdasamc@jumpstartlab.com	20052	Washington	DC	950 24th St, NW, #413	413.539.3000
Xx	Althea	udsaw87@jumpstartlab.com	20008	Washington	DC	3000 Cathedral Ave, NW	240 645 5000
Xx	Laura	abnedoe3@jumpstartlab.com	20008	Washington	DC	2601 Woodley Place NW, Apt 813	802-659-4000
Xx	Kendra	ygalabre@jumpstartlab.com	20008	Washington	DC	3000 Cathedral Ave, NW	240 645 5000
Zapfel	Adriana	vemusic@jumpstartlab.com	20008	Washington	DC	3000 Cathedral Ave, NW	240 645 5000
Zeller	John	eyudartj@jumpstartlab.com	20036	Washington	DC	1608 Rhode Island Ave, NW	805-766-2000
Zimmerman	Adam	jal08d@jumpstartlab.com	20016	Washington	DC	3825 Wisconsin Avenue, NW	301 6545000
Zipin	Brian	wwshaw@jumpstartlab.com	20016	Washington	DC	3825 Wisconsin Avenue, NW	301-312-7000